<project xmlns="http://maven.apache.org/POM/4.0.0" xmlns:xsi="http://www.w3.org/2001/XMLSchema-instance"
         xsi:schemaLocation="http://maven.apache.org/POM/4.0.0 http://maven.apache.org/maven-v4_0_0.xsd">
    <modelVersion>4.0.0</modelVersion>
    <groupId>com.atlassian.clover.samples</groupId>
    <artifactId>money-test</artifactId>
    <version>1.0-SNAPSHOT</version>
    <name>Money Test</name>
    <properties>
        <groovy.version>2.4.5</groovy.version>
        <groovy.eclipse.batch>2.4.3-01</groovy.eclipse.batch>
        <groovy.eclipse.compiler>2.7.0-01</groovy.eclipse.compiler>
    </properties>
    <dependencies>
        <dependency>
            <groupId>junit</groupId>
            <artifactId>junit</artifactId>
            <version>4.12</version>
            <scope>test</scope>
        </dependency>
        <dependency>
            <groupId>org.codehaus.groovy</groupId>
            <artifactId>groovy-all</artifactId>
            <version>${groovy.version}</version>
        </dependency>
    </dependencies>
    <build>
        <plugins>
            <plugin>
                <artifactId>maven-compiler-plugin</artifactId>
                <version>2.5.1</version>
                <configuration>
                    <source>1.6</source>
                    <target>1.6</target>
                    <compilerId>groovy-eclipse-compiler</compilerId>
                </configuration>
                <dependencies>
                    <dependency>
                        <groupId>org.codehaus.groovy</groupId>
                        <artifactId>groovy-eclipse-batch</artifactId>
                        <version>${groovy.eclipse.batch}</version>
                    </dependency>
                    <dependency>
                        <groupId>org.codehaus.groovy</groupId>
                        <artifactId>groovy-eclipse-compiler</artifactId>
                        <version>${groovy.eclipse.compiler}</version>
                    </dependency>
                </dependencies>
            </plugin>
            <plugin>
                <groupId>org.codehaus.mojo</groupId>
                <artifactId>build-helper-maven-plugin</artifactId>
                <version>1.7</version>
                <executions>
                    <execution>
                        <id>add-source</id>
                        <phase>initialize</phase>
                        <goals>
                            <goal>add-source</goal>
                        </goals>
                        <configuration>
                            <sources>
                                <source>src/main/groovy</source>
                            </sources>
                        </configuration>
                    </execution>
                    <execution>
                        <id>add-test-source</id>
                        <phase>initialize</phase>
                        <goals>
                            <goal>add-test-source</goal>
                        </goals>
                        <configuration>
                            <sources>
                                <source>src/test/groovy</source>
                            </sources>
                        </configuration>
                    </execution>
                </executions>
            </plugin>
        </plugins>
    </build>
    <profiles>
        <profile>
            <id>clover.report</id>
            <build>
                <plugins>
                    <plugin>
                        <groupId>com.atlassian.maven.plugins</groupId>
                        <artifactId>clover-maven-plugin</artifactId>
                        <executions>
                            <execution>
                                <id>clover</id>
                                <phase>verify</phase>
                                <goals>
                                    <goal>instrument</goal>
                                    <goal>check</goal>
                                    <goal>clover</goal>
                                </goals>
                            </execution>
                        </executions>
                    </plugin>
                </plugins>
            </build>
            <reporting>
                <plugins>
                    <plugin>
                        <groupId>com.atlassian.maven.plugins</groupId>
                        <artifactId>clover-maven-plugin</artifactId>
                    </plugin>
                </plugins>
            </reporting>
        </profile>
        <profile>
            <id>clover.optimize</id>
            <build>
                <plugins>
                    <plugin>
                        <groupId>com.atlassian.maven.plugins</groupId>
                        <artifactId>clover-maven-plugin</artifactId>
                        <executions>
                            <execution>
                                <id>clover</id>
                                <goals>
                                    <goal>setup</goal>
                                    <goal>optimize</goal>
                                    <goal>snapshot</goal>
                                </goals>
                            </execution>
                        </executions>
                    </plugin>
                </plugins>
            </build>
        </profile>
    </profiles>
</project>